split,rows,cancel_rate
train,64186,0.3572585922163712
valid,14517,0.3821726251980437
test,40687,0.38697864182662767
