deposit_type,cancel_rate
No Deposit,28.377022390841066
Non Refund,99.36244601357373
Refundable,22.22222222222222
