hotel,cancel_rate
City Hotel,41.72696331778646
Resort Hotel,27.763354967548675
